{
  "config_version": 4,
  "loadbuiltin": true,
  "quark": false,
  "dark": false,
  "oldChooseWheel": false,
  "perspective": true,
  "default3rdPersonFront": false,
  "showicon": true,
  "enableNSFW": false,
  "alwaysOpenScreen": false,
  "debug": true,
  "validate": false,
  "validationThreshold": 8.0,
  "emotesFolderOnLogicalServer": false,
  "emotesDirectory": "emotes",
  "autoFixEmoteStop": true,
  "alwaysValidateEmote": false,
  "playersafety": true,
  "stopthreshold": 0.04,
  "yratio": 0.75,
  "showHiddenConfig": false,
  "neverRemoveBadIcon": false,
  "exportBuiltin": false,
  "hideWarning": false,
  "fastmenu": {
    "0": {
      "0": "f9f6669d-f1b3-4170-8bc5-475a9a600439",
      "2": "0de63fbe-2f20-44e0-8969-479b76ceeb6b",
      "3": "96506a5e-a69c-4a18-9add-d43dfd272fa6",
      "4": "ebfb1e69-330a-4970-8bca-f5625c90681a"
    }
  },
  "keys": {}
}